month,mage,child_gender,mrace,birth_count
2016-01,15  -  19,F,CHINESE,4
2016-01,15  -  19,M,CHINESE,3
2016-01,15  -  19,F,INDIANS,3
2016-01,15  -  19,M,INDIANS,1
2016-01,15  -  19,F,MALAYS,7
2016-01,15  -  19,M,MALAYS,12
2016-01,15  -  19,M,OTHERS,1
2016-01,20  -  24,F,CHINESE,48
2016-01,20  -  24,M,CHINESE,43
2016-01,20  -  24,F,INDIANS,10
2016-01,20  -  24,M,INDIANS,5
2016-01,20  -  24,F,MALAYS,39
2016-01,20  -  24,M,MALAYS,25
2016-01,20  -  24,F,OTHERS,10
2016-01,20  -  24,M,OTHERS,10
2016-01,25  -  29,F,CHINESE,197
2016-01,25  -  29,M,CHINESE,231
2016-01,25  -  29,F,INDIANS,60
2016-01,25  -  29,M,INDIANS,40
2016-01,25  -  29,F,MALAYS,102
2016-01,25  -  29,M,MALAYS,110
2016-01,25  -  29,F,OTHERS,46
2016-01,25  -  29,M,OTHERS,45
2016-01,30  -  34,F,CHINESE,429
2016-01,30  -  34,M,CHINESE,439
2016-01,30  -  34,F,INDIANS,60
2016-01,30  -  34,M,INDIANS,78
2016-01,30  -  34,F,MALAYS,71
2016-01,30  -  34,M,MALAYS,100
2016-01,30  -  34,F,OTHERS,84
2016-01,30  -  34,M,OTHERS,114
2016-01,35  -  39,F,CHINESE,242
2016-01,35  -  39,M,CHINESE,223
2016-01,35  -  39,F,INDIANS,33
2016-01,35  -  39,M,INDIANS,33
2016-01,35  -  39,F,MALAYS,50
2016-01,35  -  39,M,MALAYS,39
2016-01,35  -  39,F,OTHERS,57
2016-01,35  -  39,M,OTHERS,58
2016-01,40  -  44,F,CHINESE,49
2016-01,40  -  44,M,CHINESE,57
2016-01,40  -  44,F,INDIANS,2
2016-01,40  -  44,M,INDIANS,4
2016-01,40  -  44,F,MALAYS,7
2016-01,40  -  44,M,MALAYS,7
2016-01,40  -  44,F,OTHERS,8
2016-01,40  -  44,M,OTHERS,8
2016-01,45  -  49,F,CHINESE,1
2016-01,45  -  49,M,CHINESE,2
2016-01,45  -  49,F,MALAYS,1
2016-01,45  -  49,M,MALAYS,1
2016-01,Under 15,M,MALAYS,1
2016-02,15  -  19,F,CHINESE,4
2016-02,15  -  19,M,CHINESE,3
2016-02,15  -  19,F,INDIANS,1
2016-02,15  -  19,M,INDIANS,1
2016-02,15  -  19,F,MALAYS,5
2016-02,15  -  19,M,MALAYS,6
2016-02,15  -  19,F,OTHERS,1
2016-02,15  -  19,M,OTHERS,2
2016-02,20  -  24,F,CHINESE,29
2016-02,20  -  24,M,CHINESE,31
2016-02,20  -  24,F,INDIANS,8
2016-02,20  -  24,M,INDIANS,7
2016-02,20  -  24,F,MALAYS,25
2016-02,20  -  24,M,MALAYS,30
2016-02,20  -  24,F,OTHERS,10
2016-02,20  -  24,M,OTHERS,7
2016-02,25  -  29,F,CHINESE,226
2016-02,25  -  29,M,CHINESE,215
2016-02,25  -  29,F,INDIANS,39
2016-02,25  -  29,M,INDIANS,41
2016-02,25  -  29,F,MALAYS,93
2016-02,25  -  29,M,MALAYS,112
2016-02,25  -  29,F,OTHERS,36
2016-02,25  -  29,M,OTHERS,45
2016-02,30  -  34,F,CHINESE,428
2016-02,30  -  34,M,CHINESE,400
2016-02,30  -  34,F,INDIANS,60
2016-02,30  -  34,M,INDIANS,62
2016-02,30  -  34,F,MALAYS,84
2016-02,30  -  34,M,MALAYS,98
2016-02,30  -  34,F,OTHERS,84
2016-02,30  -  34,M,OTHERS,74
2016-02,35  -  39,F,CHINESE,235
2016-02,35  -  39,M,CHINESE,227
2016-02,35  -  39,F,INDIANS,32
2016-02,35  -  39,M,INDIANS,32
2016-02,35  -  39,F,MALAYS,39
2016-02,35  -  39,M,MALAYS,33
2016-02,35  -  39,F,OTHERS,59
2016-02,35  -  39,M,OTHERS,71
2016-02,40  -  44,F,CHINESE,33
2016-02,40  -  44,M,CHINESE,31
2016-02,40  -  44,F,INDIANS,1
2016-02,40  -  44,F,MALAYS,9
2016-02,40  -  44,M,MALAYS,9
2016-02,40  -  44,F,OTHERS,10
2016-02,40  -  44,M,OTHERS,10
2016-02,45  -  49,M,CHINESE,1
2016-02,45  -  49,F,OTHERS,2
2016-02,45  -  49,M,OTHERS,1
2016-02,50  -  54,F,CHINESE,1
2016-02,Under 15,F,CHINESE,1
2016-03,15  -  19,F,CHINESE,1
2016-03,15  -  19,M,CHINESE,4
2016-03,15  -  19,F,INDIANS,1
2016-03,15  -  19,M,INDIANS,1
2016-03,15  -  19,F,MALAYS,5
2016-03,15  -  19,M,MALAYS,9
2016-03,15  -  19,F,OTHERS,1
2016-03,15  -  19,M,OTHERS,1
2016-03,20  -  24,F,CHINESE,33
2016-03,20  -  24,M,CHINESE,30
2016-03,20  -  24,F,INDIANS,9
2016-03,20  -  24,M,INDIANS,11
2016-03,20  -  24,F,MALAYS,39
2016-03,20  -  24,M,MALAYS,39
2016-03,20  -  24,F,OTHERS,14
2016-03,20  -  24,M,OTHERS,15
2016-03,25  -  29,F,CHINESE,195
2016-03,25  -  29,M,CHINESE,236
2016-03,25  -  29,F,INDIANS,40
2016-03,25  -  29,M,INDIANS,52
2016-03,25  -  29,F,MALAYS,122
2016-03,25  -  29,M,MALAYS,121
2016-03,25  -  29,F,OTHERS,50
2016-03,25  -  29,M,OTHERS,52
2016-03,30  -  34,F,CHINESE,469
2016-03,30  -  34,M,CHINESE,497
2016-03,30  -  34,F,INDIANS,79
2016-03,30  -  34,M,INDIANS,91
2016-03,30  -  34,F,MALAYS,103
2016-03,30  -  34,M,MALAYS,101
2016-03,30  -  34,F,OTHERS,69
2016-03,30  -  34,M,OTHERS,109
2016-03,35  -  39,F,CHINESE,229
2016-03,35  -  39,M,CHINESE,269
2016-03,35  -  39,F,INDIANS,29
2016-03,35  -  39,M,INDIANS,29
2016-03,35  -  39,F,MALAYS,36
2016-03,35  -  39,M,MALAYS,26
2016-03,35  -  39,F,OTHERS,58
2016-03,35  -  39,M,OTHERS,85
2016-03,40  -  44,F,CHINESE,57
2016-03,40  -  44,M,CHINESE,50
2016-03,40  -  44,F,INDIANS,2
2016-03,40  -  44,M,INDIANS,4
2016-03,40  -  44,F,MALAYS,7
2016-03,40  -  44,M,MALAYS,7
2016-03,40  -  44,F,OTHERS,7
2016-03,40  -  44,M,OTHERS,10
2016-03,45  -  49,F,CHINESE,2
2016-03,45  -  49,M,CHINESE,2
2016-03,45  -  49,F,INDIANS,1
2016-03,45  -  49,F,OTHERS,1
2016-03,45  -  49,M,OTHERS,2
2016-03,50  -  54,M,OTHERS,1
2016-04,15  -  19,F,CHINESE,5
2016-04,15  -  19,M,CHINESE,4
2016-04,15  -  19,F,INDIANS,2
2016-04,15  -  19,F,MALAYS,5
2016-04,15  -  19,M,MALAYS,10
2016-04,15  -  19,F,OTHERS,1
2016-04,15  -  19,M,OTHERS,1
2016-04,20  -  24,F,CHINESE,45
2016-04,20  -  24,M,CHINESE,41
2016-04,20  -  24,F,INDIANS,5
2016-04,20  -  24,M,INDIANS,15
2016-04,20  -  24,F,MALAYS,34
2016-04,20  -  24,M,MALAYS,29
2016-04,20  -  24,F,OTHERS,6
2016-04,20  -  24,M,OTHERS,9
2016-04,25  -  29,F,CHINESE,230
2016-04,25  -  29,M,CHINESE,235
2016-04,25  -  29,F,INDIANS,56
2016-04,25  -  29,M,INDIANS,44
2016-04,25  -  29,F,MALAYS,92
2016-04,25  -  29,M,MALAYS,111
2016-04,25  -  29,F,OTHERS,33
2016-04,25  -  29,M,OTHERS,45
2016-04,30  -  34,F,CHINESE,434
2016-04,30  -  34,M,CHINESE,446
2016-04,30  -  34,F,INDIANS,75
2016-04,30  -  34,M,INDIANS,79
2016-04,30  -  34,F,MALAYS,103
2016-04,30  -  34,M,MALAYS,94
2016-04,30  -  34,F,OTHERS,91
2016-04,30  -  34,M,OTHERS,88
2016-04,35  -  39,F,CHINESE,225
2016-04,35  -  39,M,CHINESE,268
2016-04,35  -  39,F,INDIANS,31
2016-04,35  -  39,M,INDIANS,32
2016-04,35  -  39,F,MALAYS,42
2016-04,35  -  39,M,MALAYS,33
2016-04,35  -  39,F,OTHERS,60
2016-04,35  -  39,M,OTHERS,82
2016-04,40  -  44,F,CHINESE,25
2016-04,40  -  44,M,CHINESE,44
2016-04,40  -  44,F,INDIANS,8
2016-04,40  -  44,M,INDIANS,4
2016-04,40  -  44,F,MALAYS,14
2016-04,40  -  44,M,MALAYS,7
2016-04,40  -  44,F,OTHERS,10
2016-04,40  -  44,M,OTHERS,13
2016-04,45  -  49,F,INDIANS,1
2016-04,45  -  49,M,INDIANS,2
2016-04,45  -  49,F,OTHERS,1
2016-05,15  -  19,F,CHINESE,2
2016-05,15  -  19,M,CHINESE,8
2016-05,15  -  19,F,INDIANS,2
2016-05,15  -  19,M,INDIANS,2
2016-05,15  -  19,F,MALAYS,5
2016-05,15  -  19,M,MALAYS,6
2016-05,15  -  19,F,OTHERS,2
2016-05,20  -  24,F,CHINESE,28
2016-05,20  -  24,M,CHINESE,42
2016-05,20  -  24,F,INDIANS,9
2016-05,20  -  24,M,INDIANS,11
2016-05,20  -  24,F,MALAYS,30
2016-05,20  -  24,M,MALAYS,52
2016-05,20  -  24,F,OTHERS,13
2016-05,20  -  24,M,OTHERS,10
2016-05,25  -  29,F,CHINESE,223
2016-05,25  -  29,M,CHINESE,241
2016-05,25  -  29,F,INDIANS,31
2016-05,25  -  29,M,INDIANS,50
2016-05,25  -  29,F,MALAYS,106
2016-05,25  -  29,M,MALAYS,117
2016-05,25  -  29,F,OTHERS,39
2016-05,25  -  29,M,OTHERS,47
2016-05,30  -  34,F,CHINESE,414
2016-05,30  -  34,M,CHINESE,450
2016-05,30  -  34,F,INDIANS,87
2016-05,30  -  34,M,INDIANS,94
2016-05,30  -  34,F,MALAYS,83
2016-05,30  -  34,M,MALAYS,105
2016-05,30  -  34,F,OTHERS,98
2016-05,30  -  34,M,OTHERS,85
2016-05,35  -  39,F,CHINESE,238
2016-05,35  -  39,M,CHINESE,254
2016-05,35  -  39,F,INDIANS,41
2016-05,35  -  39,M,INDIANS,37
2016-05,35  -  39,F,MALAYS,41
2016-05,35  -  39,M,MALAYS,39
2016-05,35  -  39,F,OTHERS,56
2016-05,35  -  39,M,OTHERS,78
2016-05,40  -  44,F,CHINESE,45
2016-05,40  -  44,M,CHINESE,45
2016-05,40  -  44,F,INDIANS,7
2016-05,40  -  44,M,INDIANS,2
2016-05,40  -  44,F,MALAYS,2
2016-05,40  -  44,M,MALAYS,9
2016-05,40  -  44,F,OTHERS,9
2016-05,40  -  44,M,OTHERS,13
2016-05,45  -  49,F,CHINESE,2
2016-05,45  -  49,M,MALAYS,1
2016-05,45  -  49,F,OTHERS,1
2016-06,15  -  19,F,CHINESE,8
2016-06,15  -  19,M,CHINESE,3
2016-06,15  -  19,F,INDIANS,1
2016-06,15  -  19,F,MALAYS,10
2016-06,15  -  19,M,MALAYS,9
2016-06,15  -  19,F,OTHERS,1
2016-06,20  -  24,F,CHINESE,40
2016-06,20  -  24,M,CHINESE,37
2016-06,20  -  24,F,INDIANS,7
2016-06,20  -  24,M,INDIANS,8
2016-06,20  -  24,F,MALAYS,42
2016-06,20  -  24,M,MALAYS,32
2016-06,20  -  24,F,OTHERS,8
2016-06,20  -  24,M,OTHERS,12
2016-06,25  -  29,F,CHINESE,202
2016-06,25  -  29,M,CHINESE,254
2016-06,25  -  29,F,INDIANS,28
2016-06,25  -  29,M,INDIANS,46
2016-06,25  -  29,F,MALAYS,133
2016-06,25  -  29,M,MALAYS,136
2016-06,25  -  29,F,OTHERS,43
2016-06,25  -  29,M,OTHERS,43
2016-06,30  -  34,F,CHINESE,442
2016-06,30  -  34,M,CHINESE,467
2016-06,30  -  34,F,INDIANS,74
2016-06,30  -  34,M,INDIANS,75
2016-06,30  -  34,F,MALAYS,99
2016-06,30  -  34,M,MALAYS,99
2016-06,30  -  34,F,OTHERS,92
2016-06,30  -  34,M,OTHERS,97
2016-06,35  -  39,F,CHINESE,243
2016-06,35  -  39,M,CHINESE,256
2016-06,35  -  39,F,INDIANS,38
2016-06,35  -  39,M,INDIANS,28
2016-06,35  -  39,F,MALAYS,45
2016-06,35  -  39,M,MALAYS,50
2016-06,35  -  39,F,OTHERS,77
2016-06,35  -  39,M,OTHERS,59
2016-06,40  -  44,F,CHINESE,38
2016-06,40  -  44,M,CHINESE,50
2016-06,40  -  44,F,INDIANS,4
2016-06,40  -  44,M,INDIANS,4
2016-06,40  -  44,F,MALAYS,5
2016-06,40  -  44,M,MALAYS,6
2016-06,40  -  44,F,OTHERS,10
2016-06,40  -  44,M,OTHERS,20
2016-06,45  -  49,M,CHINESE,4
2016-06,45  -  49,M,INDIANS,2
2016-06,45  -  49,F,MALAYS,1
2016-06,45  -  49,M,MALAYS,2
2016-06,45  -  49,F,OTHERS,2
2016-06,45  -  49,M,OTHERS,1
2016-06,50  -  54,M,CHINESE,1
2016-06,Under 15,F,CHINESE,1
2016-06,Under 15,F,MALAYS,1
2016-07,15  -  19,F,CHINESE,8
2016-07,15  -  19,M,CHINESE,1
2016-07,15  -  19,F,INDIANS,3
2016-07,15  -  19,M,INDIANS,1
2016-07,15  -  19,F,MALAYS,3
2016-07,15  -  19,M,MALAYS,4
2016-07,15  -  19,M,OTHERS,2
2016-07,20  -  24,F,CHINESE,32
2016-07,20  -  24,M,CHINESE,33
2016-07,20  -  24,F,INDIANS,8
2016-07,20  -  24,M,INDIANS,11
2016-07,20  -  24,F,MALAYS,37
2016-07,20  -  24,M,MALAYS,54
2016-07,20  -  24,F,OTHERS,11
2016-07,20  -  24,M,OTHERS,16
2016-07,25  -  29,F,CHINESE,220
2016-07,25  -  29,M,CHINESE,265
2016-07,25  -  29,F,INDIANS,33
2016-07,25  -  29,M,INDIANS,51
2016-07,25  -  29,F,MALAYS,105
2016-07,25  -  29,M,MALAYS,133
2016-07,25  -  29,F,OTHERS,48
2016-07,25  -  29,M,OTHERS,52
2016-07,30  -  34,F,CHINESE,429
2016-07,30  -  34,M,CHINESE,474
2016-07,30  -  34,F,INDIANS,70
2016-07,30  -  34,M,INDIANS,76
2016-07,30  -  34,F,MALAYS,83
2016-07,30  -  34,M,MALAYS,116
2016-07,30  -  34,F,OTHERS,83
2016-07,30  -  34,M,OTHERS,78
2016-07,35  -  39,F,CHINESE,256
2016-07,35  -  39,M,CHINESE,254
2016-07,35  -  39,F,INDIANS,28
2016-07,35  -  39,M,INDIANS,31
2016-07,35  -  39,F,MALAYS,37
2016-07,35  -  39,M,MALAYS,58
2016-07,35  -  39,F,OTHERS,56
2016-07,35  -  39,M,OTHERS,51
2016-07,40  -  44,F,CHINESE,43
2016-07,40  -  44,M,CHINESE,48
2016-07,40  -  44,F,INDIANS,3
2016-07,40  -  44,M,INDIANS,7
2016-07,40  -  44,F,MALAYS,7
2016-07,40  -  44,M,MALAYS,4
2016-07,40  -  44,F,OTHERS,10
2016-07,40  -  44,M,OTHERS,12
2016-07,45  -  49,F,CHINESE,2
2016-07,45  -  49,M,CHINESE,1
2016-07,45  -  49,F,OTHERS,1
2016-08,15  -  19,F,CHINESE,6
2016-08,15  -  19,M,CHINESE,4
2016-08,15  -  19,M,INDIANS,1
2016-08,15  -  19,F,MALAYS,4
2016-08,15  -  19,M,MALAYS,8
2016-08,15  -  19,F,OTHERS,3
2016-08,20  -  24,F,CHINESE,31
2016-08,20  -  24,M,CHINESE,35
2016-08,20  -  24,F,INDIANS,18
2016-08,20  -  24,M,INDIANS,10
2016-08,20  -  24,F,MALAYS,37
2016-08,20  -  24,M,MALAYS,52
2016-08,20  -  24,F,OTHERS,9
2016-08,20  -  24,M,OTHERS,11
2016-08,25  -  29,F,CHINESE,230
2016-08,25  -  29,M,CHINESE,239
2016-08,25  -  29,F,INDIANS,53
2016-08,25  -  29,M,INDIANS,50
2016-08,25  -  29,F,MALAYS,120
2016-08,25  -  29,M,MALAYS,131
2016-08,25  -  29,F,OTHERS,46
2016-08,25  -  29,M,OTHERS,46
2016-08,30  -  34,F,CHINESE,391
2016-08,30  -  34,M,CHINESE,482
2016-08,30  -  34,F,INDIANS,68
2016-08,30  -  34,M,INDIANS,74
2016-08,30  -  34,F,MALAYS,115
2016-08,30  -  34,M,MALAYS,113
2016-08,30  -  34,F,OTHERS,74
2016-08,30  -  34,M,OTHERS,102
2016-08,35  -  39,F,CHINESE,263
2016-08,35  -  39,M,CHINESE,242
2016-08,35  -  39,F,INDIANS,40
2016-08,35  -  39,M,INDIANS,38
2016-08,35  -  39,F,MALAYS,42
2016-08,35  -  39,M,MALAYS,40
2016-08,35  -  39,F,OTHERS,65
2016-08,35  -  39,M,OTHERS,55
2016-08,40  -  44,F,CHINESE,40
2016-08,40  -  44,M,CHINESE,46
2016-08,40  -  44,F,INDIANS,4
2016-08,40  -  44,M,INDIANS,3
2016-08,40  -  44,F,MALAYS,11
2016-08,40  -  44,M,MALAYS,7
2016-08,40  -  44,F,OTHERS,14
2016-08,40  -  44,M,OTHERS,9
2016-08,45  -  49,M,CHINESE,2
2016-08,45  -  49,F,INDIANS,1
2016-08,45  -  49,M,INDIANS,1
2016-08,50  -  54,M,OTHERS,1
2016-08,55  -  59,M,CHINESE,2
2016-09,15  -  19,F,CHINESE,5
2016-09,15  -  19,M,CHINESE,3
2016-09,15  -  19,F,INDIANS,1
2016-09,15  -  19,M,INDIANS,2
2016-09,15  -  19,F,MALAYS,9
2016-09,15  -  19,M,MALAYS,10
2016-09,15  -  19,F,OTHERS,1
2016-09,20  -  24,F,CHINESE,33
2016-09,20  -  24,M,CHINESE,33
2016-09,20  -  24,F,INDIANS,9
2016-09,20  -  24,M,INDIANS,13
2016-09,20  -  24,F,MALAYS,37
2016-09,20  -  24,M,MALAYS,38
2016-09,20  -  24,F,OTHERS,12
2016-09,20  -  24,M,OTHERS,14
2016-09,25  -  29,F,CHINESE,267
2016-09,25  -  29,M,CHINESE,255
2016-09,25  -  29,F,INDIANS,44
2016-09,25  -  29,M,INDIANS,43
2016-09,25  -  29,F,MALAYS,119
2016-09,25  -  29,M,MALAYS,141
2016-09,25  -  29,F,OTHERS,51
2016-09,25  -  29,M,OTHERS,47
2016-09,30  -  34,F,CHINESE,509
2016-09,30  -  34,M,CHINESE,518
2016-09,30  -  34,F,INDIANS,57
2016-09,30  -  34,M,INDIANS,79
2016-09,30  -  34,F,MALAYS,100
2016-09,30  -  34,M,MALAYS,103
2016-09,30  -  34,F,OTHERS,88
2016-09,30  -  34,M,OTHERS,94
2016-09,35  -  39,F,CHINESE,260
2016-09,35  -  39,M,CHINESE,247
2016-09,35  -  39,F,INDIANS,38
2016-09,35  -  39,M,INDIANS,31
2016-09,35  -  39,F,MALAYS,48
2016-09,35  -  39,M,MALAYS,44
2016-09,35  -  39,F,OTHERS,58
2016-09,35  -  39,M,OTHERS,59
2016-09,40  -  44,F,CHINESE,49
2016-09,40  -  44,M,CHINESE,64
2016-09,40  -  44,F,INDIANS,8
2016-09,40  -  44,M,INDIANS,5
2016-09,40  -  44,F,MALAYS,7
2016-09,40  -  44,M,MALAYS,8
2016-09,40  -  44,F,OTHERS,9
2016-09,40  -  44,M,OTHERS,8
2016-09,45  -  49,M,CHINESE,4
2016-09,45  -  49,F,OTHERS,1
2016-09,Under 15,M,MALAYS,1
2016-10,15  -  19,F,CHINESE,5
2016-10,15  -  19,M,CHINESE,3
2016-10,15  -  19,F,INDIANS,1
2016-10,15  -  19,M,INDIANS,4
2016-10,15  -  19,F,MALAYS,8
2016-10,15  -  19,M,MALAYS,5
2016-10,15  -  19,F,OTHERS,3
2016-10,15  -  19,M,OTHERS,1
2016-10,20  -  24,F,CHINESE,44
2016-10,20  -  24,M,CHINESE,31
2016-10,20  -  24,F,INDIANS,11
2016-10,20  -  24,M,INDIANS,14
2016-10,20  -  24,F,MALAYS,35
2016-10,20  -  24,M,MALAYS,43
2016-10,20  -  24,F,OTHERS,13
2016-10,20  -  24,M,OTHERS,17
2016-10,25  -  29,F,CHINESE,213
2016-10,25  -  29,M,CHINESE,277
2016-10,25  -  29,F,INDIANS,47
2016-10,25  -  29,M,INDIANS,51
2016-10,25  -  29,F,MALAYS,126
2016-10,25  -  29,M,MALAYS,135
2016-10,25  -  29,F,OTHERS,48
2016-10,25  -  29,M,OTHERS,47
2016-10,30  -  34,F,CHINESE,431
2016-10,30  -  34,M,CHINESE,470
2016-10,30  -  34,F,INDIANS,66
2016-10,30  -  34,M,INDIANS,87
2016-10,30  -  34,F,MALAYS,101
2016-10,30  -  34,M,MALAYS,130
2016-10,30  -  34,F,OTHERS,78
2016-10,30  -  34,M,OTHERS,73
2016-10,35  -  39,F,CHINESE,242
2016-10,35  -  39,M,CHINESE,268
2016-10,35  -  39,F,INDIANS,26
2016-10,35  -  39,M,INDIANS,40
2016-10,35  -  39,F,MALAYS,48
2016-10,35  -  39,M,MALAYS,43
2016-10,35  -  39,F,OTHERS,55
2016-10,35  -  39,M,OTHERS,62
2016-10,40  -  44,F,CHINESE,38
2016-10,40  -  44,M,CHINESE,50
2016-10,40  -  44,F,INDIANS,10
2016-10,40  -  44,M,INDIANS,4
2016-10,40  -  44,F,MALAYS,9
2016-10,40  -  44,M,MALAYS,6
2016-10,40  -  44,F,OTHERS,16
2016-10,40  -  44,M,OTHERS,11
2016-10,45  -  49,M,CHINESE,3
2016-11,15  -  19,F,CHINESE,4
2016-11,15  -  19,M,CHINESE,2
2016-11,15  -  19,F,INDIANS,1
2016-11,15  -  19,F,MALAYS,11
2016-11,15  -  19,M,MALAYS,3
2016-11,15  -  19,F,OTHERS,2
2016-11,15  -  19,M,OTHERS,3
2016-11,20  -  24,F,CHINESE,32
2016-11,20  -  24,M,CHINESE,42
2016-11,20  -  24,F,INDIANS,10
2016-11,20  -  24,M,INDIANS,22
2016-11,20  -  24,F,MALAYS,45
2016-11,20  -  24,M,MALAYS,32
2016-11,20  -  24,F,OTHERS,15
2016-11,20  -  24,M,OTHERS,5
2016-11,25  -  29,F,CHINESE,225
2016-11,25  -  29,M,CHINESE,231
2016-11,25  -  29,F,INDIANS,50
2016-11,25  -  29,M,INDIANS,49
2016-11,25  -  29,F,MALAYS,112
2016-11,25  -  29,M,MALAYS,127
2016-11,25  -  29,F,OTHERS,36
2016-11,25  -  29,M,OTHERS,36
2016-11,30  -  34,F,CHINESE,461
2016-11,30  -  34,M,CHINESE,450
2016-11,30  -  34,F,INDIANS,73
2016-11,30  -  34,M,INDIANS,73
2016-11,30  -  34,F,MALAYS,112
2016-11,30  -  34,M,MALAYS,113
2016-11,30  -  34,F,OTHERS,72
2016-11,30  -  34,M,OTHERS,75
2016-11,35  -  39,F,CHINESE,253
2016-11,35  -  39,M,CHINESE,294
2016-11,35  -  39,F,INDIANS,32
2016-11,35  -  39,M,INDIANS,27
2016-11,35  -  39,F,MALAYS,41
2016-11,35  -  39,M,MALAYS,48
2016-11,35  -  39,F,OTHERS,58
2016-11,35  -  39,M,OTHERS,54
2016-11,40  -  44,F,CHINESE,33
2016-11,40  -  44,M,CHINESE,39
2016-11,40  -  44,F,INDIANS,5
2016-11,40  -  44,M,INDIANS,7
2016-11,40  -  44,F,MALAYS,5
2016-11,40  -  44,M,MALAYS,9
2016-11,40  -  44,F,OTHERS,16
2016-11,40  -  44,M,OTHERS,12
2016-11,45  -  49,F,CHINESE,3
2016-11,45  -  49,M,CHINESE,1
2016-11,45  -  49,F,INDIANS,1
2016-11,Under 15,F,MALAYS,2
2016-11,Under 15,F,OTHERS,1
2016-12,15  -  19,F,CHINESE,5
2016-12,15  -  19,M,CHINESE,5
2016-12,15  -  19,M,INDIANS,1
2016-12,15  -  19,F,MALAYS,4
2016-12,15  -  19,M,MALAYS,8
2016-12,15  -  19,F,OTHERS,1
2016-12,15  -  19,M,OTHERS,1
2016-12,20  -  24,F,CHINESE,21
2016-12,20  -  24,M,CHINESE,36
2016-12,20  -  24,F,INDIANS,10
2016-12,20  -  24,M,INDIANS,18
2016-12,20  -  24,F,MALAYS,43
2016-12,20  -  24,M,MALAYS,47
2016-12,20  -  24,F,OTHERS,13
2016-12,20  -  24,M,OTHERS,6
2016-12,25  -  29,F,CHINESE,254
2016-12,25  -  29,M,CHINESE,227
2016-12,25  -  29,F,INDIANS,37
2016-12,25  -  29,M,INDIANS,42
2016-12,25  -  29,F,MALAYS,105
2016-12,25  -  29,M,MALAYS,113
2016-12,25  -  29,F,OTHERS,46
2016-12,25  -  29,M,OTHERS,45
2016-12,30  -  34,F,CHINESE,451
2016-12,30  -  34,M,CHINESE,479
2016-12,30  -  34,F,INDIANS,54
2016-12,30  -  34,M,INDIANS,90
2016-12,30  -  34,F,MALAYS,88
2016-12,30  -  34,M,MALAYS,97
2016-12,30  -  34,F,OTHERS,75
2016-12,30  -  34,M,OTHERS,92
2016-12,35  -  39,F,CHINESE,257
2016-12,35  -  39,M,CHINESE,245
2016-12,35  -  39,F,INDIANS,25
2016-12,35  -  39,M,INDIANS,29
2016-12,35  -  39,F,MALAYS,44
2016-12,35  -  39,M,MALAYS,34
2016-12,35  -  39,F,OTHERS,54
2016-12,35  -  39,M,OTHERS,62
2016-12,40  -  44,F,CHINESE,38
2016-12,40  -  44,M,CHINESE,49
2016-12,40  -  44,F,INDIANS,4
2016-12,40  -  44,M,INDIANS,6
2016-12,40  -  44,F,MALAYS,9
2016-12,40  -  44,M,MALAYS,9
2016-12,40  -  44,F,OTHERS,12
2016-12,40  -  44,M,OTHERS,14
2016-12,45  -  49,F,CHINESE,1
2016-12,45  -  49,M,CHINESE,1
2016-12,45  -  49,F,INDIANS,2
2016-12,45  -  49,M,INDIANS,1
2017-01,15  -  19,F,CHINESE,3
2017-01,15  -  19,M,CHINESE,3
2017-01,15  -  19,F,INDIANS,4
2017-01,15  -  19,M,INDIANS,3
2017-01,15  -  19,F,MALAYS,7
2017-01,15  -  19,M,MALAYS,11
2017-01,15  -  19,F,OTHERS,1
2017-01,15  -  19,M,OTHERS,1
2017-01,20  -  24,F,CHINESE,27
2017-01,20  -  24,M,CHINESE,32
2017-01,20  -  24,F,INDIANS,9
2017-01,20  -  24,M,INDIANS,7
2017-01,20  -  24,F,MALAYS,36
2017-01,20  -  24,M,MALAYS,49
2017-01,20  -  24,F,OTHERS,9
2017-01,20  -  24,M,OTHERS,13
2017-01,25  -  29,F,CHINESE,212
2017-01,25  -  29,M,CHINESE,241
2017-01,25  -  29,F,INDIANS,39
2017-01,25  -  29,M,INDIANS,43
2017-01,25  -  29,F,MALAYS,121
2017-01,25  -  29,M,MALAYS,149
2017-01,25  -  29,F,OTHERS,38
2017-01,25  -  29,M,OTHERS,54
2017-01,30  -  34,F,CHINESE,427
2017-01,30  -  34,M,CHINESE,424
2017-01,30  -  34,F,INDIANS,75
2017-01,30  -  34,M,INDIANS,74
2017-01,30  -  34,F,MALAYS,99
2017-01,30  -  34,M,MALAYS,117
2017-01,30  -  34,F,OTHERS,76
2017-01,30  -  34,M,OTHERS,85
2017-01,35  -  39,F,CHINESE,256
2017-01,35  -  39,M,CHINESE,256
2017-01,35  -  39,F,INDIANS,28
2017-01,35  -  39,M,INDIANS,20
2017-01,35  -  39,F,MALAYS,32
2017-01,35  -  39,M,MALAYS,47
2017-01,35  -  39,F,OTHERS,62
2017-01,35  -  39,M,OTHERS,49
2017-01,40  -  44,F,CHINESE,38
2017-01,40  -  44,M,CHINESE,42
2017-01,40  -  44,F,INDIANS,4
2017-01,40  -  44,M,INDIANS,7
2017-01,40  -  44,F,MALAYS,7
2017-01,40  -  44,M,MALAYS,4
2017-01,40  -  44,F,OTHERS,16
2017-01,40  -  44,M,OTHERS,20
2017-01,45  -  49,F,CHINESE,3
2017-01,45  -  49,F,MALAYS,1
2017-01,45  -  49,F,OTHERS,1
2017-01,45  -  49,M,OTHERS,2
2017-02,15  -  19,F,CHINESE,2
2017-02,15  -  19,M,CHINESE,4
2017-02,15  -  19,F,INDIANS,1
2017-02,15  -  19,M,INDIANS,1
2017-02,15  -  19,F,MALAYS,2
2017-02,15  -  19,M,MALAYS,7
2017-02,15  -  19,F,OTHERS,1
2017-02,20  -  24,F,CHINESE,39
2017-02,20  -  24,M,CHINESE,25
2017-02,20  -  24,F,INDIANS,5
2017-02,20  -  24,M,INDIANS,8
2017-02,20  -  24,F,MALAYS,24
2017-02,20  -  24,M,MALAYS,30
2017-02,20  -  24,F,OTHERS,10
2017-02,20  -  24,M,OTHERS,9
2017-02,25  -  29,F,CHINESE,177
2017-02,25  -  29,M,CHINESE,208
2017-02,25  -  29,F,INDIANS,31
2017-02,25  -  29,M,INDIANS,40
2017-02,25  -  29,F,MALAYS,89
2017-02,25  -  29,M,MALAYS,126
2017-02,25  -  29,F,OTHERS,32
2017-02,25  -  29,M,OTHERS,31
2017-02,30  -  34,F,CHINESE,409
2017-02,30  -  34,M,CHINESE,415
2017-02,30  -  34,F,INDIANS,66
2017-02,30  -  34,M,INDIANS,75
2017-02,30  -  34,F,MALAYS,83
2017-02,30  -  34,M,MALAYS,104
2017-02,30  -  34,F,OTHERS,78
2017-02,30  -  34,M,OTHERS,95
2017-02,35  -  39,F,CHINESE,213
2017-02,35  -  39,M,CHINESE,243
2017-02,35  -  39,F,INDIANS,21
2017-02,35  -  39,M,INDIANS,23
2017-02,35  -  39,F,MALAYS,32
2017-02,35  -  39,M,MALAYS,24
2017-02,35  -  39,F,OTHERS,53
2017-02,35  -  39,M,OTHERS,46
2017-02,40  -  44,F,CHINESE,37
2017-02,40  -  44,M,CHINESE,46
2017-02,40  -  44,F,INDIANS,4
2017-02,40  -  44,M,INDIANS,4
2017-02,40  -  44,F,MALAYS,3
2017-02,40  -  44,M,MALAYS,6
2017-02,40  -  44,F,OTHERS,11
2017-02,40  -  44,M,OTHERS,20
2017-02,45  -  49,F,CHINESE,5
2017-02,45  -  49,F,MALAYS,1
2017-02,45  -  49,F,OTHERS,1
2017-03,15  -  19,F,CHINESE,4
2017-03,15  -  19,M,CHINESE,3
2017-03,15  -  19,F,INDIANS,1
2017-03,15  -  19,M,INDIANS,1
2017-03,15  -  19,F,MALAYS,5
2017-03,15  -  19,M,MALAYS,6
2017-03,15  -  19,F,OTHERS,1
2017-03,15  -  19,M,OTHERS,1
2017-03,20  -  24,F,CHINESE,33
2017-03,20  -  24,M,CHINESE,29
2017-03,20  -  24,F,INDIANS,9
2017-03,20  -  24,M,INDIANS,12
2017-03,20  -  24,F,MALAYS,24
2017-03,20  -  24,M,MALAYS,42
2017-03,20  -  24,F,OTHERS,11
2017-03,20  -  24,M,OTHERS,12
2017-03,25  -  29,F,CHINESE,222
2017-03,25  -  29,M,CHINESE,226
2017-03,25  -  29,F,INDIANS,41
2017-03,25  -  29,M,INDIANS,41
2017-03,25  -  29,F,MALAYS,123
2017-03,25  -  29,M,MALAYS,121
2017-03,25  -  29,F,OTHERS,44
2017-03,25  -  29,M,OTHERS,45
2017-03,30  -  34,F,CHINESE,473
2017-03,30  -  34,M,CHINESE,443
2017-03,30  -  34,F,INDIANS,69
2017-03,30  -  34,M,INDIANS,67
2017-03,30  -  34,F,MALAYS,76
2017-03,30  -  34,M,MALAYS,108
2017-03,30  -  34,F,OTHERS,96
2017-03,30  -  34,M,OTHERS,101
2017-03,35  -  39,F,CHINESE,207
2017-03,35  -  39,M,CHINESE,275
2017-03,35  -  39,F,INDIANS,26
2017-03,35  -  39,M,INDIANS,23
2017-03,35  -  39,F,MALAYS,37
2017-03,35  -  39,M,MALAYS,38
2017-03,35  -  39,F,OTHERS,58
2017-03,35  -  39,M,OTHERS,59
2017-03,40  -  44,F,CHINESE,48
2017-03,40  -  44,M,CHINESE,51
2017-03,40  -  44,F,INDIANS,9
2017-03,40  -  44,M,INDIANS,4
2017-03,40  -  44,F,MALAYS,10
2017-03,40  -  44,M,MALAYS,11
2017-03,40  -  44,F,OTHERS,12
2017-03,40  -  44,M,OTHERS,17
2017-03,45  -  49,F,CHINESE,2
2017-03,45  -  49,M,CHINESE,6
2017-03,45  -  49,F,INDIANS,1
2017-03,45  -  49,M,INDIANS,2
2017-03,50  -  54,F,CHINESE,1
2017-03,Under 15,F,MALAYS,1
2017-03,Under 15,M,MALAYS,1
2017-04,15  -  19,F,CHINESE,2
2017-04,15  -  19,M,CHINESE,4
2017-04,15  -  19,M,INDIANS,1
2017-04,15  -  19,F,MALAYS,6
2017-04,15  -  19,M,MALAYS,7
2017-04,15  -  19,F,OTHERS,1
2017-04,20  -  24,F,CHINESE,28
2017-04,20  -  24,M,CHINESE,21
2017-04,20  -  24,F,INDIANS,4
2017-04,20  -  24,M,INDIANS,9
2017-04,20  -  24,F,MALAYS,41
2017-04,20  -  24,M,MALAYS,24
2017-04,20  -  24,F,OTHERS,13
2017-04,20  -  24,M,OTHERS,5
2017-04,25  -  29,F,CHINESE,185
2017-04,25  -  29,M,CHINESE,228
2017-04,25  -  29,F,INDIANS,43
2017-04,25  -  29,M,INDIANS,45
2017-04,25  -  29,F,MALAYS,126
2017-04,25  -  29,M,MALAYS,129
2017-04,25  -  29,F,OTHERS,39
2017-04,25  -  29,M,OTHERS,42
2017-04,30  -  34,F,CHINESE,383
2017-04,30  -  34,M,CHINESE,391
2017-04,30  -  34,F,INDIANS,61
2017-04,30  -  34,M,INDIANS,66
2017-04,30  -  34,F,MALAYS,93
2017-04,30  -  34,M,MALAYS,93
2017-04,30  -  34,F,OTHERS,89
2017-04,30  -  34,M,OTHERS,74
2017-04,35  -  39,F,CHINESE,213
2017-04,35  -  39,M,CHINESE,234
2017-04,35  -  39,F,INDIANS,41
2017-04,35  -  39,M,INDIANS,22
2017-04,35  -  39,F,MALAYS,44
2017-04,35  -  39,M,MALAYS,45
2017-04,35  -  39,F,OTHERS,61
2017-04,35  -  39,M,OTHERS,67
2017-04,40  -  44,F,CHINESE,42
2017-04,40  -  44,M,CHINESE,35
2017-04,40  -  44,F,INDIANS,5
2017-04,40  -  44,M,INDIANS,5
2017-04,40  -  44,F,MALAYS,14
2017-04,40  -  44,M,MALAYS,9
2017-04,40  -  44,F,OTHERS,8
2017-04,40  -  44,M,OTHERS,17
2017-04,45  -  49,F,CHINESE,2
2017-04,45  -  49,M,CHINESE,3
2017-04,Under 15,F,MALAYS,1
2017-05,15  -  19,F,CHINESE,3
2017-05,15  -  19,M,CHINESE,1
2017-05,15  -  19,F,INDIANS,3
2017-05,15  -  19,F,MALAYS,10
2017-05,15  -  19,M,MALAYS,2
2017-05,15  -  19,F,OTHERS,2
2017-05,15  -  19,M,OTHERS,2
2017-05,20  -  24,F,CHINESE,25
2017-05,20  -  24,M,CHINESE,26
2017-05,20  -  24,F,INDIANS,13
2017-05,20  -  24,M,INDIANS,8
2017-05,20  -  24,F,MALAYS,35
2017-05,20  -  24,M,MALAYS,37
2017-05,20  -  24,F,OTHERS,7
2017-05,20  -  24,M,OTHERS,10
2017-05,25  -  29,F,CHINESE,187
2017-05,25  -  29,M,CHINESE,216
2017-05,25  -  29,F,INDIANS,34
2017-05,25  -  29,M,INDIANS,38
2017-05,25  -  29,F,MALAYS,128
2017-05,25  -  29,M,MALAYS,108
2017-05,25  -  29,F,OTHERS,33
2017-05,25  -  29,M,OTHERS,43
2017-05,30  -  34,F,CHINESE,368
2017-05,30  -  34,M,CHINESE,412
2017-05,30  -  34,F,INDIANS,70
2017-05,30  -  34,M,INDIANS,61
2017-05,30  -  34,F,MALAYS,102
2017-05,30  -  34,M,MALAYS,108
2017-05,30  -  34,F,OTHERS,83
2017-05,30  -  34,M,OTHERS,87
2017-05,35  -  39,F,CHINESE,263
2017-05,35  -  39,M,CHINESE,226
2017-05,35  -  39,F,INDIANS,33
2017-05,35  -  39,M,INDIANS,36
2017-05,35  -  39,F,MALAYS,50
2017-05,35  -  39,M,MALAYS,44
2017-05,35  -  39,F,OTHERS,68
2017-05,35  -  39,M,OTHERS,59
2017-05,40  -  44,F,CHINESE,32
2017-05,40  -  44,M,CHINESE,48
2017-05,40  -  44,F,INDIANS,4
2017-05,40  -  44,M,INDIANS,9
2017-05,40  -  44,F,MALAYS,7
2017-05,40  -  44,M,MALAYS,9
2017-05,40  -  44,F,OTHERS,11
2017-05,40  -  44,M,OTHERS,10
2017-05,45  -  49,F,CHINESE,2
2017-05,45  -  49,M,CHINESE,6
2017-05,45  -  49,F,OTHERS,1
2017-05,45  -  49,M,OTHERS,1
2017-05,Under 15,M,CHINESE,1
2017-06,15  -  19,F,CHINESE,2
2017-06,15  -  19,M,CHINESE,7
2017-06,15  -  19,F,INDIANS,2
2017-06,15  -  19,M,INDIANS,1
2017-06,15  -  19,F,MALAYS,8
2017-06,15  -  19,M,MALAYS,10
2017-06,20  -  24,F,CHINESE,33
2017-06,20  -  24,M,CHINESE,29
2017-06,20  -  24,F,INDIANS,11
2017-06,20  -  24,M,INDIANS,8
2017-06,20  -  24,F,MALAYS,33
2017-06,20  -  24,M,MALAYS,34
2017-06,20  -  24,F,OTHERS,14
2017-06,20  -  24,M,OTHERS,8
2017-06,25  -  29,F,CHINESE,180
2017-06,25  -  29,M,CHINESE,212
2017-06,25  -  29,F,INDIANS,52
2017-06,25  -  29,M,INDIANS,44
2017-06,25  -  29,F,MALAYS,104
2017-06,25  -  29,M,MALAYS,118
2017-06,25  -  29,F,OTHERS,36
2017-06,25  -  29,M,OTHERS,43
2017-06,30  -  34,F,CHINESE,377
2017-06,30  -  34,M,CHINESE,387
2017-06,30  -  34,F,INDIANS,82
2017-06,30  -  34,M,INDIANS,68
2017-06,30  -  34,F,MALAYS,101
2017-06,30  -  34,M,MALAYS,94
2017-06,30  -  34,F,OTHERS,63
2017-06,30  -  34,M,OTHERS,85
2017-06,35  -  39,F,CHINESE,224
2017-06,35  -  39,M,CHINESE,246
2017-06,35  -  39,F,INDIANS,30
2017-06,35  -  39,M,INDIANS,31
2017-06,35  -  39,F,MALAYS,49
2017-06,35  -  39,M,MALAYS,45
2017-06,35  -  39,F,OTHERS,48
2017-06,35  -  39,M,OTHERS,66
2017-06,40  -  44,F,CHINESE,51
2017-06,40  -  44,M,CHINESE,45
2017-06,40  -  44,F,INDIANS,8
2017-06,40  -  44,M,INDIANS,6
2017-06,40  -  44,F,MALAYS,6
2017-06,40  -  44,M,MALAYS,6
2017-06,40  -  44,F,OTHERS,12
2017-06,40  -  44,M,OTHERS,10
2017-06,45  -  49,F,CHINESE,1
2017-06,45  -  49,M,CHINESE,3
2017-06,45  -  49,F,MALAYS,2
2017-06,45  -  49,F,OTHERS,2
2017-07,15  -  19,F,CHINESE,5
2017-07,15  -  19,M,CHINESE,2
2017-07,15  -  19,F,INDIANS,2
2017-07,15  -  19,M,INDIANS,4
2017-07,15  -  19,F,MALAYS,4
2017-07,15  -  19,M,MALAYS,6
2017-07,15  -  19,M,OTHERS,1
2017-07,20  -  24,F,CHINESE,34
2017-07,20  -  24,M,CHINESE,22
2017-07,20  -  24,F,INDIANS,9
2017-07,20  -  24,M,INDIANS,9
2017-07,20  -  24,F,MALAYS,35
2017-07,20  -  24,M,MALAYS,36
2017-07,20  -  24,F,OTHERS,11
2017-07,20  -  24,M,OTHERS,17
2017-07,25  -  29,F,CHINESE,236
2017-07,25  -  29,M,CHINESE,220
2017-07,25  -  29,F,INDIANS,34
2017-07,25  -  29,M,INDIANS,47
2017-07,25  -  29,F,MALAYS,135
2017-07,25  -  29,M,MALAYS,124
2017-07,25  -  29,F,OTHERS,34
2017-07,25  -  29,M,OTHERS,36
2017-07,30  -  34,F,CHINESE,400
2017-07,30  -  34,M,CHINESE,426
2017-07,30  -  34,F,INDIANS,58
2017-07,30  -  34,M,INDIANS,85
2017-07,30  -  34,F,MALAYS,111
2017-07,30  -  34,M,MALAYS,120
2017-07,30  -  34,F,OTHERS,84
2017-07,30  -  34,M,OTHERS,67
2017-07,35  -  39,F,CHINESE,229
2017-07,35  -  39,M,CHINESE,255
2017-07,35  -  39,F,INDIANS,23
2017-07,35  -  39,M,INDIANS,34
2017-07,35  -  39,F,MALAYS,51
2017-07,35  -  39,M,MALAYS,47
2017-07,35  -  39,F,OTHERS,47
2017-07,35  -  39,M,OTHERS,58
2017-07,40  -  44,F,CHINESE,57
2017-07,40  -  44,M,CHINESE,51
2017-07,40  -  44,F,INDIANS,5
2017-07,40  -  44,M,INDIANS,2
2017-07,40  -  44,F,MALAYS,7
2017-07,40  -  44,M,MALAYS,7
2017-07,40  -  44,F,OTHERS,17
2017-07,40  -  44,M,OTHERS,8
2017-07,45  -  49,F,CHINESE,2
2017-07,45  -  49,M,CHINESE,4
2017-07,45  -  49,M,MALAYS,2
2017-07,45  -  49,F,OTHERS,1
2017-07,50  -  54,F,OTHERS,1
2017-07,Under 15,M,MALAYS,1
2017-08,15  -  19,F,CHINESE,4
2017-08,15  -  19,M,CHINESE,5
2017-08,15  -  19,F,INDIANS,1
2017-08,15  -  19,F,MALAYS,5
2017-08,15  -  19,M,MALAYS,7
2017-08,15  -  19,F,OTHERS,1
2017-08,15  -  19,M,OTHERS,3
2017-08,20  -  24,F,CHINESE,29
2017-08,20  -  24,M,CHINESE,30
2017-08,20  -  24,F,INDIANS,7
2017-08,20  -  24,M,INDIANS,12
2017-08,20  -  24,F,MALAYS,34
2017-08,20  -  24,M,MALAYS,35
2017-08,20  -  24,F,OTHERS,10
2017-08,20  -  24,M,OTHERS,5
2017-08,25  -  29,F,CHINESE,230
2017-08,25  -  29,M,CHINESE,225
2017-08,25  -  29,F,INDIANS,44
2017-08,25  -  29,M,INDIANS,48
2017-08,25  -  29,F,MALAYS,136
2017-08,25  -  29,M,MALAYS,150
2017-08,25  -  29,F,OTHERS,40
2017-08,25  -  29,M,OTHERS,39
2017-08,30  -  34,F,CHINESE,412
2017-08,30  -  34,M,CHINESE,430
2017-08,30  -  34,F,INDIANS,85
2017-08,30  -  34,M,INDIANS,76
2017-08,30  -  34,F,MALAYS,117
2017-08,30  -  34,M,MALAYS,117
2017-08,30  -  34,F,OTHERS,69
2017-08,30  -  34,M,OTHERS,86
2017-08,35  -  39,F,CHINESE,235
2017-08,35  -  39,M,CHINESE,266
2017-08,35  -  39,F,INDIANS,27
2017-08,35  -  39,M,INDIANS,29
2017-08,35  -  39,F,MALAYS,35
2017-08,35  -  39,M,MALAYS,54
2017-08,35  -  39,F,OTHERS,72
2017-08,35  -  39,M,OTHERS,56
2017-08,40  -  44,F,CHINESE,44
2017-08,40  -  44,M,CHINESE,42
2017-08,40  -  44,F,INDIANS,5
2017-08,40  -  44,M,INDIANS,2
2017-08,40  -  44,F,MALAYS,6
2017-08,40  -  44,M,MALAYS,11
2017-08,40  -  44,F,OTHERS,15
2017-08,40  -  44,M,OTHERS,15
2017-08,45  -  49,F,CHINESE,2
2017-08,45  -  49,M,CHINESE,3
2017-08,45  -  49,F,MALAYS,2
2017-08,45  -  49,M,OTHERS,1
2017-08,50  -  54,F,CHINESE,2
2017-08,50  -  54,M,CHINESE,1
2017-09,15  -  19,F,CHINESE,6
2017-09,15  -  19,M,CHINESE,3
2017-09,15  -  19,F,INDIANS,1
2017-09,15  -  19,M,INDIANS,1
2017-09,15  -  19,F,MALAYS,3
2017-09,15  -  19,M,MALAYS,6
2017-09,15  -  19,M,OTHERS,1
2017-09,20  -  24,F,CHINESE,28
2017-09,20  -  24,M,CHINESE,40
2017-09,20  -  24,F,INDIANS,12
2017-09,20  -  24,M,INDIANS,10
2017-09,20  -  24,F,MALAYS,23
2017-09,20  -  24,M,MALAYS,36
2017-09,20  -  24,F,OTHERS,5
2017-09,20  -  24,M,OTHERS,9
2017-09,25  -  29,F,CHINESE,221
2017-09,25  -  29,M,CHINESE,233
2017-09,25  -  29,F,INDIANS,38
2017-09,25  -  29,M,INDIANS,42
2017-09,25  -  29,F,MALAYS,112
2017-09,25  -  29,M,MALAYS,153
2017-09,25  -  29,F,OTHERS,41
2017-09,25  -  29,M,OTHERS,48
2017-09,30  -  34,F,CHINESE,449
2017-09,30  -  34,M,CHINESE,432
2017-09,30  -  34,F,INDIANS,70
2017-09,30  -  34,M,INDIANS,83
2017-09,30  -  34,F,MALAYS,93
2017-09,30  -  34,M,MALAYS,112
2017-09,30  -  34,F,OTHERS,91
2017-09,30  -  34,M,OTHERS,106
2017-09,35  -  39,F,CHINESE,222
2017-09,35  -  39,M,CHINESE,283
2017-09,35  -  39,F,INDIANS,30
2017-09,35  -  39,M,INDIANS,40
2017-09,35  -  39,F,MALAYS,41
2017-09,35  -  39,M,MALAYS,44
2017-09,35  -  39,F,OTHERS,52
2017-09,35  -  39,M,OTHERS,65
2017-09,40  -  44,F,CHINESE,49
2017-09,40  -  44,M,CHINESE,42
2017-09,40  -  44,F,INDIANS,6
2017-09,40  -  44,M,INDIANS,4
2017-09,40  -  44,F,MALAYS,6
2017-09,40  -  44,M,MALAYS,6
2017-09,40  -  44,F,OTHERS,6
2017-09,40  -  44,M,OTHERS,16
2017-09,45  -  49,F,CHINESE,2
2017-09,45  -  49,F,OTHERS,1
2017-10,15  -  19,F,CHINESE,4
2017-10,15  -  19,M,CHINESE,10
2017-10,15  -  19,F,INDIANS,3
2017-10,15  -  19,F,MALAYS,6
2017-10,15  -  19,M,MALAYS,4
2017-10,20  -  24,F,CHINESE,36
2017-10,20  -  24,M,CHINESE,31
2017-10,20  -  24,F,INDIANS,12
2017-10,20  -  24,M,INDIANS,13
2017-10,20  -  24,F,MALAYS,31
2017-10,20  -  24,M,MALAYS,26
2017-10,20  -  24,F,OTHERS,17
2017-10,20  -  24,M,OTHERS,16
2017-10,25  -  29,F,CHINESE,250
2017-10,25  -  29,M,CHINESE,233
2017-10,25  -  29,F,INDIANS,41
2017-10,25  -  29,M,INDIANS,45
2017-10,25  -  29,F,MALAYS,132
2017-10,25  -  29,M,MALAYS,123
2017-10,25  -  29,F,OTHERS,37
2017-10,25  -  29,M,OTHERS,45
2017-10,30  -  34,F,CHINESE,438
2017-10,30  -  34,M,CHINESE,448
2017-10,30  -  34,F,INDIANS,77
2017-10,30  -  34,M,INDIANS,62
2017-10,30  -  34,F,MALAYS,103
2017-10,30  -  34,M,MALAYS,119
2017-10,30  -  34,F,OTHERS,78
2017-10,30  -  34,M,OTHERS,103
2017-10,35  -  39,F,CHINESE,242
2017-10,35  -  39,M,CHINESE,276
2017-10,35  -  39,F,INDIANS,35
2017-10,35  -  39,M,INDIANS,33
2017-10,35  -  39,F,MALAYS,46
2017-10,35  -  39,M,MALAYS,43
2017-10,35  -  39,F,OTHERS,60
2017-10,35  -  39,M,OTHERS,59
2017-10,40  -  44,F,CHINESE,48
2017-10,40  -  44,M,CHINESE,44
2017-10,40  -  44,F,INDIANS,5
2017-10,40  -  44,M,INDIANS,4
2017-10,40  -  44,F,MALAYS,6
2017-10,40  -  44,M,MALAYS,9
2017-10,40  -  44,F,OTHERS,8
2017-10,40  -  44,M,OTHERS,13
2017-10,45  -  49,F,CHINESE,1
2017-10,45  -  49,M,CHINESE,4
2017-10,45  -  49,M,OTHERS,1
2017-10,50  -  54,M,CHINESE,1
2017-10,Under 15,F,CHINESE,1
2017-10,Under 15,M,INDIANS,1
2017-11,15  -  19,F,CHINESE,3
2017-11,15  -  19,M,CHINESE,4
2017-11,15  -  19,F,MALAYS,7
2017-11,15  -  19,M,MALAYS,10
2017-11,15  -  19,F,OTHERS,1
2017-11,15  -  19,M,OTHERS,1
2017-11,20  -  24,F,CHINESE,24
2017-11,20  -  24,M,CHINESE,29
2017-11,20  -  24,F,INDIANS,12
2017-11,20  -  24,M,INDIANS,13
2017-11,20  -  24,F,MALAYS,46
2017-11,20  -  24,M,MALAYS,42
2017-11,20  -  24,F,OTHERS,5
2017-11,20  -  24,M,OTHERS,7
2017-11,25  -  29,F,CHINESE,230
2017-11,25  -  29,M,CHINESE,244
2017-11,25  -  29,F,INDIANS,41
2017-11,25  -  29,M,INDIANS,36
2017-11,25  -  29,F,MALAYS,125
2017-11,25  -  29,M,MALAYS,140
2017-11,25  -  29,F,OTHERS,35
2017-11,25  -  29,M,OTHERS,46
2017-11,30  -  34,F,CHINESE,388
2017-11,30  -  34,M,CHINESE,437
2017-11,30  -  34,F,INDIANS,67
2017-11,30  -  34,M,INDIANS,86
2017-11,30  -  34,F,MALAYS,125
2017-11,30  -  34,M,MALAYS,97
2017-11,30  -  34,F,OTHERS,86
2017-11,30  -  34,M,OTHERS,85
2017-11,35  -  39,F,CHINESE,236
2017-11,35  -  39,M,CHINESE,273
2017-11,35  -  39,F,INDIANS,36
2017-11,35  -  39,M,INDIANS,42
2017-11,35  -  39,F,MALAYS,40
2017-11,35  -  39,M,MALAYS,48
2017-11,35  -  39,F,OTHERS,56
2017-11,35  -  39,M,OTHERS,65
2017-11,40  -  44,F,CHINESE,43
2017-11,40  -  44,M,CHINESE,44
2017-11,40  -  44,F,INDIANS,5
2017-11,40  -  44,M,INDIANS,3
2017-11,40  -  44,F,MALAYS,11
2017-11,40  -  44,M,MALAYS,12
2017-11,40  -  44,F,OTHERS,12
2017-11,40  -  44,M,OTHERS,14
2017-11,45  -  49,F,CHINESE,1
2017-11,45  -  49,M,CHINESE,1
2017-11,45  -  49,M,INDIANS,1
2017-11,45  -  49,F,MALAYS,2
2017-11,45  -  49,M,MALAYS,1
2017-12,15  -  19,F,CHINESE,3
2017-12,15  -  19,M,CHINESE,6
2017-12,15  -  19,M,INDIANS,2
2017-12,15  -  19,F,MALAYS,9
2017-12,15  -  19,M,MALAYS,10
2017-12,15  -  19,M,OTHERS,1
2017-12,20  -  24,F,CHINESE,29
2017-12,20  -  24,M,CHINESE,29
2017-12,20  -  24,F,INDIANS,10
2017-12,20  -  24,M,INDIANS,11
2017-12,20  -  24,F,MALAYS,35
2017-12,20  -  24,M,MALAYS,37
2017-12,20  -  24,F,OTHERS,8
2017-12,20  -  24,M,OTHERS,14
2017-12,25  -  29,F,CHINESE,191
2017-12,25  -  29,M,CHINESE,238
2017-12,25  -  29,F,INDIANS,50
2017-12,25  -  29,M,INDIANS,47
2017-12,25  -  29,F,MALAYS,105
2017-12,25  -  29,M,MALAYS,133
2017-12,25  -  29,F,OTHERS,36
2017-12,25  -  29,M,OTHERS,40
2017-12,30  -  34,F,CHINESE,407
2017-12,30  -  34,M,CHINESE,386
2017-12,30  -  34,F,INDIANS,82
2017-12,30  -  34,M,INDIANS,83
2017-12,30  -  34,F,MALAYS,82
2017-12,30  -  34,M,MALAYS,110
2017-12,30  -  34,F,OTHERS,76
2017-12,30  -  34,M,OTHERS,77
2017-12,35  -  39,F,CHINESE,242
2017-12,35  -  39,M,CHINESE,253
2017-12,35  -  39,F,INDIANS,47
2017-12,35  -  39,M,INDIANS,43
2017-12,35  -  39,F,MALAYS,49
2017-12,35  -  39,M,MALAYS,49
2017-12,35  -  39,F,OTHERS,46
2017-12,35  -  39,M,OTHERS,76
2017-12,40  -  44,F,CHINESE,39
2017-12,40  -  44,M,CHINESE,52
2017-12,40  -  44,F,INDIANS,11
2017-12,40  -  44,M,INDIANS,3
2017-12,40  -  44,F,MALAYS,8
2017-12,40  -  44,M,MALAYS,14
2017-12,40  -  44,F,OTHERS,18
2017-12,40  -  44,M,OTHERS,12
2017-12,45  -  49,F,CHINESE,3
2017-12,45  -  49,M,CHINESE,1
2017-12,45  -  49,F,INDIANS,1
2017-12,45  -  49,M,INDIANS,1
2017-12,45  -  49,M,MALAYS,1
2017-12,45  -  49,F,OTHERS,1
2017-12,Under 15,F,MALAYS,1
2018-01,15  -  19,F,CHINESE,1
2018-01,15  -  19,M,CHINESE,2
2018-01,15  -  19,F,INDIANS,1
2018-01,15  -  19,M,INDIANS,1
2018-01,15  -  19,F,MALAYS,8
2018-01,15  -  19,M,MALAYS,6
2018-01,15  -  19,F,OTHERS,1
2018-01,15  -  19,M,OTHERS,1
2018-01,20  -  24,F,CHINESE,37
2018-01,20  -  24,M,CHINESE,34
2018-01,20  -  24,F,INDIANS,12
2018-01,20  -  24,M,INDIANS,6
2018-01,20  -  24,F,MALAYS,24
2018-01,20  -  24,M,MALAYS,32
2018-01,20  -  24,F,OTHERS,11
2018-01,20  -  24,M,OTHERS,14
2018-01,25  -  29,F,CHINESE,182
2018-01,25  -  29,M,CHINESE,210
2018-01,25  -  29,F,INDIANS,47
2018-01,25  -  29,M,INDIANS,59
2018-01,25  -  29,F,MALAYS,131
2018-01,25  -  29,M,MALAYS,132
2018-01,25  -  29,F,OTHERS,45
2018-01,25  -  29,M,OTHERS,41
2018-01,30  -  34,F,CHINESE,429
2018-01,30  -  34,M,CHINESE,426
2018-01,30  -  34,F,INDIANS,61
2018-01,30  -  34,M,INDIANS,62
2018-01,30  -  34,F,MALAYS,96
2018-01,30  -  34,M,MALAYS,109
2018-01,30  -  34,F,OTHERS,86
2018-01,30  -  34,M,OTHERS,80
2018-01,35  -  39,F,CHINESE,267
2018-01,35  -  39,M,CHINESE,235
2018-01,35  -  39,F,INDIANS,39
2018-01,35  -  39,M,INDIANS,33
2018-01,35  -  39,F,MALAYS,41
2018-01,35  -  39,M,MALAYS,51
2018-01,35  -  39,F,OTHERS,51
2018-01,35  -  39,M,OTHERS,70
2018-01,40  -  44,F,CHINESE,29
2018-01,40  -  44,M,CHINESE,39
2018-01,40  -  44,F,INDIANS,7
2018-01,40  -  44,M,INDIANS,8
2018-01,40  -  44,F,MALAYS,11
2018-01,40  -  44,M,MALAYS,14
2018-01,40  -  44,F,OTHERS,11
2018-01,40  -  44,M,OTHERS,16
2018-01,45  -  49,F,CHINESE,1
2018-01,45  -  49,F,INDIANS,1
2018-01,45  -  49,F,MALAYS,2
2018-01,45  -  49,M,MALAYS,1
2018-01,45  -  49,F,OTHERS,1
2018-01,45  -  49,M,OTHERS,1
2018-02,15  -  19,F,CHINESE,4
2018-02,15  -  19,M,CHINESE,2
2018-02,15  -  19,F,INDIANS,3
2018-02,15  -  19,M,INDIANS,1
2018-02,15  -  19,F,MALAYS,4
2018-02,15  -  19,M,MALAYS,3
2018-02,20  -  24,F,CHINESE,25
2018-02,20  -  24,M,CHINESE,23
2018-02,20  -  24,F,INDIANS,12
2018-02,20  -  24,M,INDIANS,8
2018-02,20  -  24,F,MALAYS,30
2018-02,20  -  24,M,MALAYS,31
2018-02,20  -  24,F,OTHERS,6
2018-02,20  -  24,M,OTHERS,13
2018-02,25  -  29,F,CHINESE,190
2018-02,25  -  29,M,CHINESE,196
2018-02,25  -  29,F,INDIANS,35
2018-02,25  -  29,M,INDIANS,45
2018-02,25  -  29,F,MALAYS,105
2018-02,25  -  29,M,MALAYS,146
2018-02,25  -  29,F,OTHERS,30
2018-02,25  -  29,M,OTHERS,44
2018-02,30  -  34,F,CHINESE,364
2018-02,30  -  34,M,CHINESE,385
2018-02,30  -  34,F,INDIANS,65
2018-02,30  -  34,M,INDIANS,70
2018-02,30  -  34,F,MALAYS,80
2018-02,30  -  34,M,MALAYS,86
2018-02,30  -  34,F,OTHERS,58
2018-02,30  -  34,M,OTHERS,69
2018-02,35  -  39,F,CHINESE,194
2018-02,35  -  39,M,CHINESE,204
2018-02,35  -  39,F,INDIANS,32
2018-02,35  -  39,M,INDIANS,25
2018-02,35  -  39,F,MALAYS,33
2018-02,35  -  39,M,MALAYS,40
2018-02,35  -  39,F,OTHERS,52
2018-02,35  -  39,M,OTHERS,71
2018-02,40  -  44,F,CHINESE,42
2018-02,40  -  44,M,CHINESE,30
2018-02,40  -  44,F,INDIANS,9
2018-02,40  -  44,M,INDIANS,4
2018-02,40  -  44,F,MALAYS,6
2018-02,40  -  44,M,MALAYS,5
2018-02,40  -  44,F,OTHERS,17
2018-02,40  -  44,M,OTHERS,8
2018-02,45  -  49,F,CHINESE,6
2018-02,45  -  49,M,CHINESE,2
2018-02,45  -  49,M,INDIANS,1
2018-02,45  -  49,M,MALAYS,1
2018-03,15  -  19,F,CHINESE,4
2018-03,15  -  19,M,CHINESE,4
2018-03,15  -  19,F,INDIANS,1
2018-03,15  -  19,M,INDIANS,1
2018-03,15  -  19,F,MALAYS,12
2018-03,15  -  19,M,MALAYS,4
2018-03,20  -  24,F,CHINESE,19
2018-03,20  -  24,M,CHINESE,37
2018-03,20  -  24,F,INDIANS,7
2018-03,20  -  24,M,INDIANS,10
2018-03,20  -  24,F,MALAYS,31
2018-03,20  -  24,M,MALAYS,35
2018-03,20  -  24,F,OTHERS,7
2018-03,20  -  24,M,OTHERS,14
2018-03,25  -  29,F,CHINESE,208
2018-03,25  -  29,M,CHINESE,238
2018-03,25  -  29,F,INDIANS,40
2018-03,25  -  29,M,INDIANS,32
2018-03,25  -  29,F,MALAYS,139
2018-03,25  -  29,M,MALAYS,155
2018-03,25  -  29,F,OTHERS,33
2018-03,25  -  29,M,OTHERS,42
2018-03,30  -  34,F,CHINESE,441
2018-03,30  -  34,M,CHINESE,434
2018-03,30  -  34,F,INDIANS,76
2018-03,30  -  34,M,INDIANS,52
2018-03,30  -  34,F,MALAYS,100
2018-03,30  -  34,M,MALAYS,104
2018-03,30  -  34,F,OTHERS,85
2018-03,30  -  34,M,OTHERS,77
2018-03,35  -  39,F,CHINESE,233
2018-03,35  -  39,M,CHINESE,280
2018-03,35  -  39,F,INDIANS,28
2018-03,35  -  39,M,INDIANS,36
2018-03,35  -  39,F,MALAYS,35
2018-03,35  -  39,M,MALAYS,50
2018-03,35  -  39,F,OTHERS,56
2018-03,35  -  39,M,OTHERS,65
2018-03,40  -  44,F,CHINESE,33
2018-03,40  -  44,M,CHINESE,53
2018-03,40  -  44,F,INDIANS,4
2018-03,40  -  44,M,INDIANS,1
2018-03,40  -  44,F,MALAYS,2
2018-03,40  -  44,M,MALAYS,11
2018-03,40  -  44,F,OTHERS,20
2018-03,40  -  44,M,OTHERS,9
2018-03,45  -  49,F,CHINESE,4
2018-03,45  -  49,F,INDIANS,1
2018-03,45  -  49,M,MALAYS,3
2018-03,45  -  49,F,OTHERS,1
2018-04,15  -  19,F,CHINESE,3
2018-04,15  -  19,M,CHINESE,3
2018-04,15  -  19,M,INDIANS,2
2018-04,15  -  19,F,MALAYS,6
2018-04,15  -  19,M,MALAYS,12
2018-04,15  -  19,M,OTHERS,1
2018-04,20  -  24,F,CHINESE,34
2018-04,20  -  24,M,CHINESE,28
2018-04,20  -  24,F,INDIANS,8
2018-04,20  -  24,M,INDIANS,8
2018-04,20  -  24,F,MALAYS,28
2018-04,20  -  24,M,MALAYS,35
2018-04,20  -  24,F,OTHERS,3
2018-04,20  -  24,M,OTHERS,6
2018-04,25  -  29,F,CHINESE,167
2018-04,25  -  29,M,CHINESE,182
2018-04,25  -  29,F,INDIANS,36
2018-04,25  -  29,M,INDIANS,42
2018-04,25  -  29,F,MALAYS,105
2018-04,25  -  29,M,MALAYS,142
2018-04,25  -  29,F,OTHERS,32
2018-04,25  -  29,M,OTHERS,35
2018-04,30  -  34,F,CHINESE,412
2018-04,30  -  34,M,CHINESE,414
2018-04,30  -  34,F,INDIANS,68
2018-04,30  -  34,M,INDIANS,90
2018-04,30  -  34,F,MALAYS,118
2018-04,30  -  34,M,MALAYS,105
2018-04,30  -  34,F,OTHERS,79
2018-04,30  -  34,M,OTHERS,80
2018-04,35  -  39,F,CHINESE,231
2018-04,35  -  39,M,CHINESE,218
2018-04,35  -  39,F,INDIANS,25
2018-04,35  -  39,M,INDIANS,32
2018-04,35  -  39,F,MALAYS,49
2018-04,35  -  39,M,MALAYS,46
2018-04,35  -  39,F,OTHERS,56
2018-04,35  -  39,M,OTHERS,40
2018-04,40  -  44,F,CHINESE,37
2018-04,40  -  44,M,CHINESE,37
2018-04,40  -  44,F,INDIANS,4
2018-04,40  -  44,M,INDIANS,4
2018-04,40  -  44,F,MALAYS,7
2018-04,40  -  44,M,MALAYS,12
2018-04,40  -  44,F,OTHERS,11
2018-04,40  -  44,M,OTHERS,9
2018-04,45  -  49,F,CHINESE,1
2018-04,45  -  49,M,CHINESE,3
2018-04,45  -  49,M,INDIANS,1
2018-04,45  -  49,F,MALAYS,1
2018-04,45  -  49,F,OTHERS,1
2018-04,Under 15,M,CHINESE,1
2018-05,15  -  19,F,CHINESE,6
2018-05,15  -  19,M,CHINESE,5
2018-05,15  -  19,F,INDIANS,3
2018-05,15  -  19,F,MALAYS,3
2018-05,15  -  19,M,MALAYS,7
2018-05,20  -  24,F,CHINESE,23
2018-05,20  -  24,M,CHINESE,33
2018-05,20  -  24,F,INDIANS,8
2018-05,20  -  24,M,INDIANS,13
2018-05,20  -  24,F,MALAYS,30
2018-05,20  -  24,M,MALAYS,33
2018-05,20  -  24,F,OTHERS,7
2018-05,20  -  24,M,OTHERS,14
2018-05,25  -  29,F,CHINESE,181
2018-05,25  -  29,M,CHINESE,197
2018-05,25  -  29,F,INDIANS,36
2018-05,25  -  29,M,INDIANS,42
2018-05,25  -  29,F,MALAYS,123
2018-05,25  -  29,M,MALAYS,117
2018-05,25  -  29,F,OTHERS,32
2018-05,25  -  29,M,OTHERS,41
2018-05,30  -  34,F,CHINESE,384
2018-05,30  -  34,M,CHINESE,409
2018-05,30  -  34,F,INDIANS,65
2018-05,30  -  34,M,INDIANS,54
2018-05,30  -  34,F,MALAYS,111
2018-05,30  -  34,M,MALAYS,120
2018-05,30  -  34,F,OTHERS,86
2018-05,30  -  34,M,OTHERS,81
2018-05,35  -  39,F,CHINESE,234
2018-05,35  -  39,M,CHINESE,240
2018-05,35  -  39,F,INDIANS,41
2018-05,35  -  39,M,INDIANS,40
2018-05,35  -  39,F,MALAYS,54
2018-05,35  -  39,M,MALAYS,49
2018-05,35  -  39,F,OTHERS,64
2018-05,35  -  39,M,OTHERS,69
2018-05,40  -  44,F,CHINESE,41
2018-05,40  -  44,M,CHINESE,47
2018-05,40  -  44,F,INDIANS,6
2018-05,40  -  44,M,INDIANS,2
2018-05,40  -  44,F,MALAYS,9
2018-05,40  -  44,M,MALAYS,9
2018-05,40  -  44,F,OTHERS,12
2018-05,40  -  44,M,OTHERS,12
2018-05,45  -  49,F,CHINESE,2
2018-05,45  -  49,M,CHINESE,1
2018-05,45  -  49,F,MALAYS,1
2018-05,45  -  49,M,MALAYS,1
2018-05,45  -  49,F,OTHERS,1
2018-05,50  -  54,M,CHINESE,1
2018-06,15  -  19,F,CHINESE,4
2018-06,15  -  19,M,CHINESE,5
2018-06,15  -  19,F,INDIANS,1
2018-06,15  -  19,M,INDIANS,1
2018-06,15  -  19,F,MALAYS,8
2018-06,15  -  19,M,MALAYS,10
2018-06,15  -  19,M,OTHERS,1
2018-06,20  -  24,F,CHINESE,28
2018-06,20  -  24,M,CHINESE,31
2018-06,20  -  24,F,INDIANS,8
2018-06,20  -  24,M,INDIANS,14
2018-06,20  -  24,F,MALAYS,34
2018-06,20  -  24,M,MALAYS,21
2018-06,20  -  24,F,OTHERS,6
2018-06,20  -  24,M,OTHERS,6
2018-06,25  -  29,F,CHINESE,159
2018-06,25  -  29,M,CHINESE,172
2018-06,25  -  29,F,INDIANS,32
2018-06,25  -  29,M,INDIANS,37
2018-06,25  -  29,F,MALAYS,120
2018-06,25  -  29,M,MALAYS,117
2018-06,25  -  29,F,OTHERS,28
2018-06,25  -  29,M,OTHERS,30
2018-06,30  -  34,F,CHINESE,372
2018-06,30  -  34,M,CHINESE,407
2018-06,30  -  34,F,INDIANS,53
2018-06,30  -  34,M,INDIANS,70
2018-06,30  -  34,F,MALAYS,123
2018-06,30  -  34,M,MALAYS,116
2018-06,30  -  34,F,OTHERS,105
2018-06,30  -  34,M,OTHERS,93
2018-06,35  -  39,F,CHINESE,242
2018-06,35  -  39,M,CHINESE,241
2018-06,35  -  39,F,INDIANS,22
2018-06,35  -  39,M,INDIANS,36
2018-06,35  -  39,F,MALAYS,39
2018-06,35  -  39,M,MALAYS,47
2018-06,35  -  39,F,OTHERS,62
2018-06,35  -  39,M,OTHERS,68
2018-06,40  -  44,F,CHINESE,49
2018-06,40  -  44,M,CHINESE,42
2018-06,40  -  44,F,INDIANS,9
2018-06,40  -  44,M,INDIANS,2
2018-06,40  -  44,F,MALAYS,9
2018-06,40  -  44,M,MALAYS,9
2018-06,40  -  44,F,OTHERS,9
2018-06,40  -  44,M,OTHERS,14
2018-06,45  -  49,F,CHINESE,1
2018-06,45  -  49,M,CHINESE,1
2018-06,45  -  49,F,INDIANS,1
2018-06,45  -  49,M,INDIANS,1
2018-06,45  -  49,M,MALAYS,1
2018-07,15  -  19,F,CHINESE,5
2018-07,15  -  19,M,CHINESE,1
2018-07,15  -  19,M,INDIANS,1
2018-07,15  -  19,F,MALAYS,9
2018-07,15  -  19,M,MALAYS,5
2018-07,15  -  19,F,OTHERS,1
2018-07,15  -  19,M,OTHERS,1
2018-07,20  -  24,F,CHINESE,24
2018-07,20  -  24,M,CHINESE,19
2018-07,20  -  24,F,INDIANS,9
2018-07,20  -  24,M,INDIANS,8
2018-07,20  -  24,F,MALAYS,27
2018-07,20  -  24,M,MALAYS,45
2018-07,20  -  24,F,OTHERS,10
2018-07,20  -  24,M,OTHERS,11
2018-07,25  -  29,F,CHINESE,189
2018-07,25  -  29,M,CHINESE,182
2018-07,25  -  29,F,INDIANS,48
2018-07,25  -  29,M,INDIANS,45
2018-07,25  -  29,F,MALAYS,134
2018-07,25  -  29,M,MALAYS,119
2018-07,25  -  29,F,OTHERS,47
2018-07,25  -  29,M,OTHERS,34
2018-07,30  -  34,F,CHINESE,381
2018-07,30  -  34,M,CHINESE,427
2018-07,30  -  34,F,INDIANS,65
2018-07,30  -  34,M,INDIANS,67
2018-07,30  -  34,F,MALAYS,100
2018-07,30  -  34,M,MALAYS,107
2018-07,30  -  34,F,OTHERS,64
2018-07,30  -  34,M,OTHERS,78
2018-07,35  -  39,F,CHINESE,229
2018-07,35  -  39,M,CHINESE,268
2018-07,35  -  39,F,INDIANS,39
2018-07,35  -  39,M,INDIANS,36
2018-07,35  -  39,F,MALAYS,36
2018-07,35  -  39,M,MALAYS,46
2018-07,35  -  39,F,OTHERS,52
2018-07,35  -  39,M,OTHERS,50
2018-07,40  -  44,F,CHINESE,46
2018-07,40  -  44,M,CHINESE,47
2018-07,40  -  44,F,INDIANS,8
2018-07,40  -  44,M,INDIANS,4
2018-07,40  -  44,F,MALAYS,9
2018-07,40  -  44,M,MALAYS,8
2018-07,40  -  44,F,OTHERS,9
2018-07,40  -  44,M,OTHERS,13
2018-07,45  -  49,F,CHINESE,2
2018-07,45  -  49,M,CHINESE,4
2018-07,45  -  49,F,INDIANS,2
2018-07,45  -  49,F,OTHERS,1
2018-08,15  -  19,F,CHINESE,2
2018-08,15  -  19,M,CHINESE,6
2018-08,15  -  19,M,INDIANS,2
2018-08,15  -  19,F,MALAYS,8
2018-08,15  -  19,M,MALAYS,3
2018-08,15  -  19,M,OTHERS,1
2018-08,20  -  24,F,CHINESE,32
2018-08,20  -  24,M,CHINESE,35
2018-08,20  -  24,F,INDIANS,11
2018-08,20  -  24,M,INDIANS,8
2018-08,20  -  24,F,MALAYS,41
2018-08,20  -  24,M,MALAYS,38
2018-08,20  -  24,F,OTHERS,3
2018-08,20  -  24,M,OTHERS,8
2018-08,25  -  29,F,CHINESE,197
2018-08,25  -  29,M,CHINESE,218
2018-08,25  -  29,F,INDIANS,41
2018-08,25  -  29,M,INDIANS,35
2018-08,25  -  29,F,MALAYS,142
2018-08,25  -  29,M,MALAYS,151
2018-08,25  -  29,F,OTHERS,41
2018-08,25  -  29,M,OTHERS,34
2018-08,30  -  34,F,CHINESE,405
2018-08,30  -  34,M,CHINESE,438
2018-08,30  -  34,F,INDIANS,75
2018-08,30  -  34,M,INDIANS,67
2018-08,30  -  34,F,MALAYS,96
2018-08,30  -  34,M,MALAYS,98
2018-08,30  -  34,F,OTHERS,70
2018-08,30  -  34,M,OTHERS,80
2018-08,35  -  39,F,CHINESE,242
2018-08,35  -  39,M,CHINESE,269
2018-08,35  -  39,F,INDIANS,30
2018-08,35  -  39,M,INDIANS,30
2018-08,35  -  39,F,MALAYS,37
2018-08,35  -  39,M,MALAYS,39
2018-08,35  -  39,F,OTHERS,47
2018-08,35  -  39,M,OTHERS,72
2018-08,40  -  44,F,CHINESE,38
2018-08,40  -  44,M,CHINESE,40
2018-08,40  -  44,F,INDIANS,5
2018-08,40  -  44,M,INDIANS,5
2018-08,40  -  44,F,MALAYS,6
2018-08,40  -  44,M,MALAYS,3
2018-08,40  -  44,F,OTHERS,10
2018-08,40  -  44,M,OTHERS,18
2018-08,45  -  49,F,CHINESE,1
2018-08,45  -  49,F,MALAYS,1
2018-09,15  -  19,F,CHINESE,2
2018-09,15  -  19,M,CHINESE,3
2018-09,15  -  19,F,INDIANS,2
2018-09,15  -  19,F,MALAYS,7
2018-09,15  -  19,M,MALAYS,10
2018-09,20  -  24,F,CHINESE,23
2018-09,20  -  24,M,CHINESE,33
2018-09,20  -  24,F,INDIANS,14
2018-09,20  -  24,M,INDIANS,11
2018-09,20  -  24,F,MALAYS,43
2018-09,20  -  24,M,MALAYS,45
2018-09,20  -  24,F,OTHERS,5
2018-09,20  -  24,M,OTHERS,12
2018-09,25  -  29,F,CHINESE,204
2018-09,25  -  29,M,CHINESE,219
2018-09,25  -  29,F,INDIANS,36
2018-09,25  -  29,M,INDIANS,42
2018-09,25  -  29,F,MALAYS,141
2018-09,25  -  29,M,MALAYS,143
2018-09,25  -  29,F,OTHERS,36
2018-09,25  -  29,M,OTHERS,50
2018-09,30  -  34,F,CHINESE,396
2018-09,30  -  34,M,CHINESE,420
2018-09,30  -  34,F,INDIANS,62
2018-09,30  -  34,M,INDIANS,62
2018-09,30  -  34,F,MALAYS,107
2018-09,30  -  34,M,MALAYS,128
2018-09,30  -  34,F,OTHERS,80
2018-09,30  -  34,M,OTHERS,110
2018-09,35  -  39,F,CHINESE,269
2018-09,35  -  39,M,CHINESE,239
2018-09,35  -  39,F,INDIANS,29
2018-09,35  -  39,M,INDIANS,30
2018-09,35  -  39,F,MALAYS,57
2018-09,35  -  39,M,MALAYS,46
2018-09,35  -  39,F,OTHERS,69
2018-09,35  -  39,M,OTHERS,73
2018-09,40  -  44,F,CHINESE,38
2018-09,40  -  44,M,CHINESE,42
2018-09,40  -  44,F,INDIANS,6
2018-09,40  -  44,M,INDIANS,3
2018-09,40  -  44,F,MALAYS,6
2018-09,40  -  44,M,MALAYS,7
2018-09,40  -  44,F,OTHERS,10
2018-09,40  -  44,M,OTHERS,11
2018-09,45  -  49,F,CHINESE,3
2018-09,45  -  49,M,CHINESE,2
2018-09,45  -  49,M,MALAYS,1
2018-09,50  -  54,M,CHINESE,1
2018-09,50  -  54,M,INDIANS,1
2018-09,50  -  54,M,OTHERS,1
2018-10,15  -  19,F,CHINESE,4
2018-10,15  -  19,M,CHINESE,1
2018-10,15  -  19,M,INDIANS,3
2018-10,15  -  19,F,MALAYS,9
2018-10,15  -  19,M,MALAYS,8
2018-10,15  -  19,F,OTHERS,1
2018-10,20  -  24,F,CHINESE,25
2018-10,20  -  24,M,CHINESE,24
2018-10,20  -  24,F,INDIANS,5
2018-10,20  -  24,M,INDIANS,7
2018-10,20  -  24,F,MALAYS,37
2018-10,20  -  24,M,MALAYS,45
2018-10,20  -  24,F,OTHERS,7
2018-10,20  -  24,M,OTHERS,9
2018-10,25  -  29,F,CHINESE,209
2018-10,25  -  29,M,CHINESE,208
2018-10,25  -  29,F,INDIANS,39
2018-10,25  -  29,M,INDIANS,51
2018-10,25  -  29,F,MALAYS,140
2018-10,25  -  29,M,MALAYS,154
2018-10,25  -  29,F,OTHERS,34
2018-10,25  -  29,M,OTHERS,51
2018-10,30  -  34,F,CHINESE,446
2018-10,30  -  34,M,CHINESE,472
2018-10,30  -  34,F,INDIANS,70
2018-10,30  -  34,M,INDIANS,92
2018-10,30  -  34,F,MALAYS,120
2018-10,30  -  34,M,MALAYS,113
2018-10,30  -  34,F,OTHERS,71
2018-10,30  -  34,M,OTHERS,92
2018-10,35  -  39,F,CHINESE,249
2018-10,35  -  39,M,CHINESE,258
2018-10,35  -  39,F,INDIANS,40
2018-10,35  -  39,M,INDIANS,40
2018-10,35  -  39,F,MALAYS,39
2018-10,35  -  39,M,MALAYS,44
2018-10,35  -  39,F,OTHERS,61
2018-10,35  -  39,M,OTHERS,56
2018-10,40  -  44,F,CHINESE,52
2018-10,40  -  44,M,CHINESE,51
2018-10,40  -  44,F,INDIANS,6
2018-10,40  -  44,M,INDIANS,9
2018-10,40  -  44,F,MALAYS,11
2018-10,40  -  44,M,MALAYS,13
2018-10,40  -  44,F,OTHERS,11
2018-10,40  -  44,M,OTHERS,17
2018-10,45  -  49,F,CHINESE,3
2018-10,45  -  49,M,CHINESE,2
2018-10,45  -  49,F,MALAYS,1
2018-10,45  -  49,F,OTHERS,2
2018-10,Under 15,M,MALAYS,1
2018-11,15  -  19,F,CHINESE,5
2018-11,15  -  19,M,CHINESE,3
2018-11,15  -  19,M,INDIANS,3
2018-11,15  -  19,F,MALAYS,7
2018-11,15  -  19,M,MALAYS,4
2018-11,15  -  19,F,OTHERS,1
2018-11,20  -  24,F,CHINESE,19
2018-11,20  -  24,M,CHINESE,21
2018-11,20  -  24,F,INDIANS,12
2018-11,20  -  24,M,INDIANS,10
2018-11,20  -  24,F,MALAYS,29
2018-11,20  -  24,M,MALAYS,34
2018-11,20  -  24,F,OTHERS,11
2018-11,20  -  24,M,OTHERS,12
2018-11,25  -  29,F,CHINESE,199
2018-11,25  -  29,M,CHINESE,213
2018-11,25  -  29,F,INDIANS,44
2018-11,25  -  29,M,INDIANS,29
2018-11,25  -  29,F,MALAYS,120
2018-11,25  -  29,M,MALAYS,127
2018-11,25  -  29,F,OTHERS,34
2018-11,25  -  29,M,OTHERS,37
2018-11,30  -  34,F,CHINESE,437
2018-11,30  -  34,M,CHINESE,441
2018-11,30  -  34,F,INDIANS,73
2018-11,30  -  34,M,INDIANS,87
2018-11,30  -  34,F,MALAYS,114
2018-11,30  -  34,M,MALAYS,116
2018-11,30  -  34,F,OTHERS,77
2018-11,30  -  34,M,OTHERS,87
2018-11,35  -  39,F,CHINESE,244
2018-11,35  -  39,M,CHINESE,271
2018-11,35  -  39,F,INDIANS,38
2018-11,35  -  39,M,INDIANS,42
2018-11,35  -  39,F,MALAYS,50
2018-11,35  -  39,M,MALAYS,41
2018-11,35  -  39,F,OTHERS,59
2018-11,35  -  39,M,OTHERS,61
2018-11,40  -  44,F,CHINESE,55
2018-11,40  -  44,M,CHINESE,57
2018-11,40  -  44,F,INDIANS,4
2018-11,40  -  44,M,INDIANS,4
2018-11,40  -  44,F,MALAYS,8
2018-11,40  -  44,M,MALAYS,6
2018-11,40  -  44,F,OTHERS,6
2018-11,40  -  44,M,OTHERS,10
2018-11,45  -  49,F,CHINESE,1
2018-11,45  -  49,M,CHINESE,4
2018-11,45  -  49,F,OTHERS,2
2018-11,50  -  54,F,INDIANS,1
2018-11,50  -  54,M,INDIANS,1
2018-11,Under 15,M,CHINESE,1
2018-12,15  -  19,F,CHINESE,3
2018-12,15  -  19,M,CHINESE,5
2018-12,15  -  19,F,MALAYS,5
2018-12,15  -  19,M,MALAYS,9
2018-12,20  -  24,F,CHINESE,25
2018-12,20  -  24,M,CHINESE,29
2018-12,20  -  24,F,INDIANS,6
2018-12,20  -  24,M,INDIANS,10
2018-12,20  -  24,F,MALAYS,33
2018-12,20  -  24,M,MALAYS,27
2018-12,20  -  24,F,OTHERS,4
2018-12,20  -  24,M,OTHERS,8
2018-12,25  -  29,F,CHINESE,175
2018-12,25  -  29,M,CHINESE,203
2018-12,25  -  29,F,INDIANS,49
2018-12,25  -  29,M,INDIANS,57
2018-12,25  -  29,F,MALAYS,114
2018-12,25  -  29,M,MALAYS,139
2018-12,25  -  29,F,OTHERS,52
2018-12,25  -  29,M,OTHERS,34
2018-12,30  -  34,F,CHINESE,421
2018-12,30  -  34,M,CHINESE,413
2018-12,30  -  34,F,INDIANS,63
2018-12,30  -  34,M,INDIANS,69
2018-12,30  -  34,F,MALAYS,106
2018-12,30  -  34,M,MALAYS,127
2018-12,30  -  34,F,OTHERS,57
2018-12,30  -  34,M,OTHERS,91
2018-12,35  -  39,F,CHINESE,245
2018-12,35  -  39,M,CHINESE,262
2018-12,35  -  39,F,INDIANS,25
2018-12,35  -  39,M,INDIANS,40
2018-12,35  -  39,F,MALAYS,54
2018-12,35  -  39,M,MALAYS,40
2018-12,35  -  39,F,OTHERS,72
2018-12,35  -  39,M,OTHERS,80
2018-12,40  -  44,F,CHINESE,36
2018-12,40  -  44,M,CHINESE,41
2018-12,40  -  44,F,INDIANS,4
2018-12,40  -  44,M,INDIANS,4
2018-12,40  -  44,F,MALAYS,5
2018-12,40  -  44,M,MALAYS,8
2018-12,40  -  44,F,OTHERS,10
2018-12,40  -  44,M,OTHERS,18
2018-12,45  -  49,F,CHINESE,3
2018-12,45  -  49,M,CHINESE,2
2018-12,45  -  49,M,MALAYS,1
2018-12,45  -  49,M,OTHERS,2
2018-12,Under 15,M,CHINESE,1
